"id","field","code","name","description"
"iso20022_category_purpose_bonu","category_purpose","BONU","Bonus Payment","Transaction is the payment of a bonus."
"iso20022_category_purpose_cash","category_purpose","CASH","Cash Management Transfer","Transaction is a general cash management instruction."
"iso20022_category_purpose_cblk","category_purpose","CBLK","Card Bulk Clearing","A service that is settling money for a bulk of card transactions, while referring to a specific transaction file or other information like terminal ID, card acceptor ID or other transaction details."
"iso20022_category_purpose_ccrd","category_purpose","CCRD","Credit Card Payment","Transaction is related to a payment of credit card."
"iso20022_category_purpose_cort","category_purpose","CORT","Trade Settlement Payment","Transaction is related to settlement of a trade, eg a foreign exchange deal or a securities transaction."
"iso20022_category_purpose_dcrd","category_purpose","DCRD","Debit Card Payment","Transaction is related to a payment of debit card."
"iso20022_category_purpose_divi","category_purpose","DIVI","Dividend","Transaction is the payment of dividends."
"iso20022_category_purpose_dvpm","category_purpose","DVPM","Deliver Against Payment","Code used to pre-advise the account servicer of a forthcoming deliver against payment instruction."
"iso20022_category_purpose_epay","category_purpose","EPAY","ePayment","Transaction is related to ePayment."
"iso20022_category_purpose_fcin","category_purpose","FCIN","Fee Collection and Interest","Transaction is related to the payment of a fee and interest."
"iso20022_category_purpose_fcol","category_purpose","FCOL","Fee Collection","A service that is settling card transaction related fees between two parties."
"iso20022_category_purpose_gp2p","category_purpose","GP2P","Personto Person Payment","General Person-to-Person Payment. Debtor and Creditor are natural persons."
"iso20022_category_purpose_govt","category_purpose","GOVT","Government Payment","Transaction is a payment to or from a government department."
"iso20022_category_purpose_hedg","category_purpose","HEDG","Hedging","Transaction is related to the payment of a hedging operation."
"iso20022_category_purpose_iccp","category_purpose","ICCP","Irrevocable Credit Card Payment","Transaction is reimbursement of credit card payment."
"iso20022_category_purpose_idcp","category_purpose","IDCP","Irrevocable Debit Card Payment","Transaction is reimbursement of debit card payment."
"iso20022_category_purpose_intc","category_purpose","INTC","Intra Company Payment","Transaction is an intra-company payment, ie, a payment between two companies belonging to the same group."
"iso20022_category_purpose_inte","category_purpose","INTE","Interest","Transaction is the payment of interest."
"iso20022_category_purpose_lbox","category_purpose","LBOX","Lockbox Transactions","Transaction is related to identify cash handling via Night Safe or Lockbox by bank or vendor on behalf of a physical store."
"iso20022_category_purpose_loan","category_purpose","LOAN","Loan","Transaction is related to the transfer of a loan to a borrower."
"iso20022_category_purpose_mp2b","category_purpose","MP2B","Commercial","Mobile P2B Payment"
"iso20022_category_purpose_mp2p","category_purpose","MP2P","Consumer","Mobile P2P Payment"
"iso20022_category_purpose_othr","category_purpose","OTHR","Other Payment","Other payment purpose."
"iso20022_category_purpose_pens","category_purpose","PENS","Pension Payment","Transaction is the payment of pension."
"iso20022_category_purpose_rpre","category_purpose","RPRE","Represented","Collection used to re-present previously reversed or returned direct debit transactions."
"iso20022_category_purpose_rrct","category_purpose","RRCT","Reimbursement Received Credit Transfer","Transaction is related to a reimbursement for commercial reasons of a correctly received credit transfer."
"iso20022_category_purpose_rvpm","category_purpose","RVPM","Receive Against Payment","Code used to pre-advise the account servicer of a forthcoming receive against payment instruction."
"iso20022_category_purpose_sala","category_purpose","SALA","Salary Payment","Transaction is the payment of salaries."
"iso20022_category_purpose_secu","category_purpose","SECU","Securities","Transaction is the payment of securities."
"iso20022_category_purpose_ssbe","category_purpose","SSBE","Social Security Benefit","Transaction is a social security benefit, ie payment made by a government to support individuals."
"iso20022_category_purpose_supp","category_purpose","SUPP","Supplier Payment","Transaction is related to a payment to a supplier."
"iso20022_category_purpose_taxs","category_purpose","TAXS","Tax Payment","Transaction is the payment of taxes."
"iso20022_category_purpose_trad","category_purpose","TRAD","Trade","Transaction is related to the payment of a trade finance transaction."
"iso20022_category_purpose_trea","category_purpose","TREA","Treasury Payment","Transaction is related to treasury operations.  E.g. financial contract settlement."
"iso20022_category_purpose_vatx","category_purpose","VATX","Value Added Tax Payment","Transaction is the payment of value added tax."
"iso20022_category_purpose_whld","category_purpose","WHLD","With Holding","Transaction is the payment of withholding tax."
"iso20022_category_purpose_swep","category_purpose","SWEP","Cash Management Sweep Account","Classification: Cash Management. Transaction relates to a cash management instruction, requesting a sweep of the account of the Debtor above an agreed floor amount, up to a target or zero balance._x000D_
The purpose is to move the funds from multiple accounts to a single bank account. Funds can move domestically or across border and more than one bank can be used."
"iso20022_category_purpose_topg","category_purpose","TOPG","Cash Management Top Account","Classification: Cash Management. Transaction relates to a cash management instruction, requesting to top the account of the Creditor above a certain floor amount, up to a target or zero balance. _x000D_
The floor amount, if not pre-agreed by the parties involved, may be specified."
"iso20022_category_purpose_zaba","category_purpose","ZABA","Cash Management Zero Balance Account","Transaction relates to a cash management instruction, requesting to zero balance the account of the Debtor._x000D_
Zero Balance Accounts empty or fill the balances in accounts at the same bank, in the same country into or out of a main account each day."
"iso20022_purpose_bkdf","purpose","BKDF","Bank Loan Delayed Draw Funding","Delayed draw funding. Certain issuers may utilize delayed draw loans whereby the lender is committed to fund cash
within a specified period once a call is made by the issuer. The lender receives a fee for entering into such a
commitment"
"iso20022_purpose_bkfe","purpose","BKFE","Bank Loan Fees","Bank loan fees. Cash activity related to specific bank loan fees, including (a) agent / assignment fees; (b) amendment fees; (c) commitment fees; (d) consent fees; (e) cost of carry fees; (f) delayed compensation fees; (g)
facility fees; (h) fronting fees; (i) funding fees; (j) letter of credit assignment fees"
"iso20022_purpose_bkfm","purpose","BKFM","Bank Loan Funding Memo","Bank loan funding memo. Net cash movement for the loan contract final notification when sent separately from the
loan contract final notification instruction."
"iso20022_purpose_bkip","purpose","BKIP","Bank Loan Accrued Interest Payment","Accrued interest payments. Specific to bank loans."
"iso20022_purpose_bkpp","purpose","BKPP","Bank Loan Principal Paydown","Principal paydowns. Specific to bank loans"
"iso20022_purpose_cblk","purpose","CBLK","Card Bulk Clearing","A Service that is settling money for a bulk of card transactions, while referring to a specific transaction file or other information like terminal ID, card acceptor ID or other transaction details."
"iso20022_purpose_cdcb","purpose","CDCB","Card Payment With Cash Back","Purchase of Goods and Services with additional Cash disbursement at the POI (Cashback)"
"iso20022_purpose_cdcd","purpose","CDCD","Cash Disbursement Cash Settlement","ATM Cash Withdrawal in an unattended or Cash Advance in an attended environment (POI or bank counter)"
"iso20022_purpose_cdcs","purpose","CDCS","Cash Disbursement With Surcharging","ATM Cash Withdrawal in an unattended or Cash Advance in an attended environment (POI or bank counter) with surcharging."
"iso20022_purpose_cddp","purpose","CDDP","Card Deferred Payment","A combined service which enables the card acceptor to perform an authorisation for a temporary amount and a completion for the final amount within a limited time frame. Deferred Payment is only available in the unattended environment.
Examples where this service is widely used are unattended petrol pumps and phone booths"
"iso20022_purpose_cdoc","purpose","CDOC","Original Credit","A service which allows the card acceptor to effect a credit to a cardholder' account. Unlike a Merchant Refund, an Original Credit is not preceded by a card payment. This service is used for example for crediting winnings from gaming."
"iso20022_purpose_cdqc","purpose","CDQC","Quasi Cash","Purchase of Goods which are equivalent to cash like coupons in casinos."
"iso20022_purpose_etup","purpose","ETUP","ePurse Top Up","Transaction is related to a Service that is first reserving money from a card account and then is loading an e-purse application by this amount."
"iso20022_purpose_fcol","purpose","FCOL","Fee Collection","A Service that is settling card transaction related fees between two parties."
"iso20022_purpose_mtup","purpose","MTUP","Mobile Top Up","A Service that is first reserving money from a card account and then is loading a prepaid mobile phone amount by this amount."
"iso20022_purpose_acct","purpose","ACCT","Account Management","Transaction moves funds between 2 accounts of same account holder at the same bank."
"iso20022_purpose_cash","purpose","CASH","Cash Management Transfer","Transaction is a general cash management instruction."
"iso20022_purpose_coll","purpose","COLL","Collection Payment","Transaction is a collection of funds initiated via a credit transfer or direct debit."
"iso20022_purpose_csdb","purpose","CSDB","Cash Disbursement Cash Management","Transaction is related to cash disbursement."
"iso20022_purpose_dept","purpose","DEPT","Deposit","Transaction is releted to a payment of deposit."
"iso20022_purpose_intc","purpose","INTC","Intra Company Payment","Transaction is an intra-company payment, ie, a payment between two companies belonging to the same group."
"iso20022_purpose_intp","purpose","INTP","Intra Party Payment","Transaction is a payment between two accounts belonging to the same party (intra-party payment), where party is a natural person (identified by a private ID, not organisation ID)."
"iso20022_purpose_lima","purpose","LIMA","Liquidity Management","Bank initiated account transfer to support zero target balance management, pooling or sweeping."
"iso20022_purpose_nett","purpose","NETT","Netting","Transaction is related to a netting operation."
"iso20022_purpose_bfwd","purpose","BFWD","Bond Forward","Cash collateral related to any securities traded out beyond 3 days which include treasury notes, JGBs and Gilts."
"iso20022_purpose_ccir","purpose","CCIR","Cross Currency IRS","Cash Collateral related to a Cross Currency Interest Rate Swap, indicating the exchange of fixed interest payments in one currency for those in another."
"iso20022_purpose_ccpc","purpose","CCPC","CCP Cleared Initial Margin","Cash Collateral associated with an ISDA or Central Clearing Agreement that is covering the initial margin requirements for OTC trades clearing through a CCP. "
"iso20022_purpose_ccpm","purpose","CCPM","CCP Cleared Variation Margin","Cash Collateral associated with an ISDA or Central Clearing Agreement that is covering the variation margin requirements for OTC trades clearing through a CCP. "
"iso20022_purpose_ccsm","purpose","CCSM","CCP Cleared Initial Margin Segregated Cash","CCP Segregated initial margin: Initial margin on OTC Derivatives cleared through a CCP that requires segregation"
"iso20022_purpose_crds","purpose","CRDS","Credit Default Swap","Cash collateral related to trading of credit default swap."
"iso20022_purpose_crpr","purpose","CRPR","Cross Product","Cash collateral related to a combination of various types of trades."
"iso20022_purpose_crsp","purpose","CRSP","Credit Support","Cash collateral related to cash lending/borrowing; letter of Credit; signing of master agreement."
"iso20022_purpose_crtl","purpose","CRTL","Credit Line","Cash collateral related to opening of a credit line before trading."
"iso20022_purpose_eqpt","purpose","EQPT","Equity Option","Cash collateral related to trading of equity option (Also known as stock options)."
"iso20022_purpose_equs","purpose","EQUS","Equity Swap","Cash collateral related to equity swap trades where the return of an equity is exchanged for either a fixed or a floating rate of interest."
"iso20022_purpose_expt","purpose","EXPT","Exotic Option","Cash collateral related to trading of an exotic option for example a non-standard option."
"iso20022_purpose_extd","purpose","EXTD","Exchange Traded Derivatives","Cash collateral related to trading of exchanged traded derivatives in general (Opposite to Over the Counter (OTC))."
"iso20022_purpose_fixi","purpose","FIXI","Fixed Income","Cash collateral related to a fixed income instrument"
"iso20022_purpose_fwbc","purpose","FWBC","Forward Broker Owned Cash Collateral","Cash collateral payment against a Master Forward Agreement (MFA) where the cash is held in a segregated account and is not available for use by the client. Includes any instruments with a forward settling date such TBAs, repurchase agreements and bond forwards"
"iso20022_purpose_fwcc","purpose","FWCC","Forward Client Owned Cash Collateral","Cash collateral payment against a Master Forward Agreement (MFA) where the cash is owned and may be used by the client when returned. Includes any instruments with a forward settling date such TBAs, repurchase agreements and bond forwards"
"iso20022_purpose_fwsb","purpose","FWSB","Forward Broker Owned Cash Collateral Segregated","Any cash payment related to the collateral for a Master Agreement forward, which is segregated, and not available for use by the client. Example master agreement forwards include TBA, repo and Bond Forwards."
"iso20022_purpose_fwsc","purpose","FWSC","Forward Client Owned Segregated Cash Collateral","Any cash payment related to the collateral for a Master agreement forward, which is owned by the client and is available for use by the client when it is returned to them from the segregated account. Example master agreement forwards include TBA, repo and Bond Forwards."
"iso20022_purpose_marg","purpose","MARG","Daily Margin On Listed Derivatives","Daily margin on listed derivatives – not segregated as collateral associated with an FCM agreement. Examples
include listed futures and options margin payments; premiums for listed options not covered in the MT54X message"
"iso20022_purpose_mbsb","purpose","MBSB","MBS Broker Owned Cash Collateral","MBS Broker Owned Segregated (40Act/Dodd Frank) Cash Collateral - Any cash payment related to the collateral for a Mortgage Back Security, which is segregated, and not available for use by the client."
"iso20022_purpose_mbsc","purpose","MBSC","MBS Client Owned Cash Collateral","MBS Client Owned Cash Segregated (40Act/Dodd Frank) Cash Collateral - Any cash payment related to the collateral for a Mortgage Back Security, which is owned by the client and is available for use by the client when it is returned to them from the segregated account"
"iso20022_purpose_mgcc","purpose","MGCC","Futures Initial Margin","Initial futures margin. Where such payment is owned by the client and is available for use by them on return"
"iso20022_purpose_mgsc","purpose","MGSC","Futures Initial Margin Client Owned Segregated Cash Collateral","Margin Client Owned Segregated Cash Collateral - Any cash payment related to the collateral for initial futures margin, which is owned by the client and is available for use by the client when it is returned to them from the segregated account."
"iso20022_purpose_occc","purpose","OCCC","Client Owned OCC Pledged Collateral","Client owned collateral identified as eligible for OCC pledging"
"iso20022_purpose_opbc","purpose","OPBC","OTC Option Broker Owned Cash Collateral","Cash collateral payment for OTC options associated with an FCM agreement. Where such payment is segregated and not available for use by the client"
"iso20022_purpose_opcc","purpose","OPCC","OTC Option Client Owned Cash Collateral","Cash collateral payment for OTC options associated with an FCM agreement. Where such payment is not segregated and is available for use by the client upon return"
"iso20022_purpose_opsb","purpose","OPSB","OTC Option Broker Owned Segregated Cash Collateral","Option Broker Owned Segregated Cash Collateral - Any cash payment related to the collateral for an OTC option, which is segregated, and not available for use by the client."
"iso20022_purpose_opsc","purpose","OPSC","OTC Option Client Owned Cash Segregated Cash Collateral","Option Client Owned Cash Segregated Cash Collateral - Any cash payment related to the collateral for an OTC option, which is owned by the client and is available for use by the client when it is returned to them from the segregated account"
"iso20022_purpose_optn","purpose","OPTN","FX Option","Cash collateral related to trading of option on Foreign Exchange."
"iso20022_purpose_otcd","purpose","OTCD","OTC Derivatives","Cash collateral related to Over-the-counter (OTC) Derivatives in general for example contracts which are traded and privately negotiated."
"iso20022_purpose_repo","purpose","REPO","Repurchase Agreement","Cash collateral related to a repurchase agreement transaction."
"iso20022_purpose_rpbc","purpose","RPBC","Bilateral Repo Broker Owned Collateral","Bi-lateral repo broker owned collateral associated with a repo master agreement – GMRA or MRA Master Repo
Agreements"
"iso20022_purpose_rpcc","purpose","RPCC","Repo Client Owned Collateral","Repo client owned collateral associated with a repo master agreement – GMRA or MRA Master Repo Agreements"
"iso20022_purpose_rpsb","purpose","RPSB","Bilateral Repo Broker Owned Segregated Cash Collateral","Bi-lateral repo broker owned segregated cash collateral associated with a repo master agreement"
"iso20022_purpose_rpsc","purpose","RPSC","Bilateral Repo Client Owned Segregated Cash Collateral","Repo client owned segregated collateral associated with a repo master agreement"
"iso20022_purpose_rvpo","purpose","RVPO","Reverse Repurchase Agreement","Cash collateral related to a reverse repurchase agreement transaction."
"iso20022_purpose_sbsc","purpose","SBSC","Securities Buy Sell Sell Buy Back","Cash collateral related to a Securities Buy Sell Sell Buy Back"
"iso20022_purpose_scie","purpose","SCIE","Single Currency IRS Exotic","Cash collateral related to Exotic single currency interest rate swap."
"iso20022_purpose_scir","purpose","SCIR","Single Currency IRS","Cash collateral related to Single Currency Interest Rate Swap."
"iso20022_purpose_scrp","purpose","SCRP","Securities Cross Products","Cash collateral related to Combination of securities-related exposure types."
"iso20022_purpose_shbc","purpose","SHBC","Broker Owned Collateral Short Sale","Short Sale broker owned collateral associated with a prime broker agreement"
"iso20022_purpose_shcc","purpose","SHCC","Client Owned Collateral Short Sale","Short Sale client owned collateral associated with a prime brokerage agreement"
"iso20022_purpose_shsl","purpose","SHSL","Short Sell","Cash Collateral related to a Short Sell"
"iso20022_purpose_sleb","purpose","SLEB","Securities Lending and Borrowing","Cash collateral related to Securities lending and borrowing."
"iso20022_purpose_sloa","purpose","SLOA","Secured Loan","Cash collateral related to a Secured loan."
"iso20022_purpose_swbc","purpose","SWBC","Swap Broker Owned Cash Collateral","Cash collateral payment for swaps associated with an ISDA agreement. . Where such payment is segregated and
not available for use by the client. Includes any cash collateral payments made under the terms of a CSA agreement
for instruments such as swaps and FX forwards."
"iso20022_purpose_swcc","purpose","SWCC","Swap Client Owned Cash Collateral","Cash collateral payment for swaps associated with an ISDA agreement. Where such payment is not segregated and
is available for use by the client upon return. Includes any cash collateral payments made under the terms of a CSA
agreement for instruments such as swaps and FX forwards."
"iso20022_purpose_swpt","purpose","SWPT","Swaption","Cash collateral related to an option on interest rate swap."
"iso20022_purpose_swsb","purpose","SWSB","Swaps Broker Owned Segregated Cash Collateral","Swaps Broker Owned Segregated Cash Collateral - Any cash payment related to the collateral for Swap margin ,
which is segregated, and not available for use by the client. This includes any collateral identified in a CSA
agreement such as Swap or FX Forward collateral."
"iso20022_purpose_swsc","purpose","SWSC","Swaps Client Owned Segregated Cash Collateral","Swaps Client Owned Segregated Cash Collateral - Any cash payment related to the collateral for Swap margin,
which is owned by the client and is available for use by the client when returned from the segregated account. This
includes any collateral identified in a CSA agreement such as Swap or FX Forward collateral."
"iso20022_purpose_tbas","purpose","TBAS","To Be Announced","Cash collateral related to a To Be Announced (TBA)"
"iso20022_purpose_tbbc","purpose","TBBC","TBA Broker Owned Cash Collateral","Cash collateral payment (segregated) for TBA securities associated with a TBA Master Agreement. Where such payment is segregated and not available for use by the client."
"iso20022_purpose_tbcc","purpose","TBCC","TBA Client Owned Cash Collateral","Cash collateral payment (for use by client)for TBA securities associated with a TBA Master Agreement. Where such payment is not segregated and is available for use by the client upon return."
"iso20022_purpose_trcp","purpose","TRCP","Treasury Cross Product","Cash collateral related to a combination of treasury-related exposure types."
"iso20022_purpose_agrt","purpose","AGRT","Agricultural Transfer","Transaction is related to the agricultural domain."
"iso20022_purpose_aren","purpose","AREN","Accounts Receivables Entry","Transaction is related to a payment associated with an Account Receivable Entry"
"iso20022_purpose_bexp","purpose","BEXP","Business Expenses","Transaction is related to a payment of business expenses."
"iso20022_purpose_boce","purpose","BOCE","Back Office Conversion Entry","Transaction is related to a payment associated with a Back Office Conversion Entry"
"iso20022_purpose_comc","purpose","COMC","Commercial Payment","Transaction is related to a payment of commercial credit or debit. (formerly CommercialCredit)"
"iso20022_purpose_cpyr","purpose","CPYR","Copyright","Transaction is payment of copyright."
"iso20022_purpose_gdds","purpose","GDDS","Purchase Sale of Goods","Transaction is related to purchase and sale of goods."
"iso20022_purpose_gdsv","purpose","GDSV","Purchase Sale of Goods and Services","Transaction is related to purchase and sale of goods and services."
"iso20022_purpose_gscb","purpose","GSCB","Purchase Sale of Goods and Services with Cash Back","Transaction is related to purchase and sale of goods and services with cash back."
"iso20022_purpose_licf","purpose","LICF","License Fee","Transaction is payment of a license fee."
"iso20022_purpose_mp2b","purpose","MP2B","Mobile P2B Payment","A service which enables a user to use an app on its mobile to pay a merchant or other business payees by initiating a payment message. Within this context, the account information or an alias of the payee might be transported through different channels to the app, for example QR Code, NFC, Bluetooth, other Networks."
"iso20022_purpose_pope","purpose","POPE","Point of Purchase Entry","Transaction is related to a payment associated with a Point of Purchase Entry."
"iso20022_purpose_roya","purpose","ROYA","Royalties","Transaction is the payment of royalties."
"iso20022_purpose_scve","purpose","SCVE","Purchase Sale of Services","Transaction is related to purchase and sale of services."
"iso20022_purpose_serv","purpose","SERV","Service Charges","Transaction is related to service charges charged by a service provider."
"iso20022_purpose_subs","purpose","SUBS","Subscription","Transaction is related to a payment of information or entertainment services either in printed or electronic form."
"iso20022_purpose_supp","purpose","SUPP","Supplier Payment","Transaction is related to a payment to a supplier."
"iso20022_purpose_trad","purpose","TRAD","Commercial","Transaction is related to a trade services operation."
"iso20022_purpose_char","purpose","CHAR","Charity Payment","Transaction is a payment for charity reasons."
"iso20022_purpose_comt","purpose","COMT","Consumer Third Party Consolidated Payment","Transaction is a payment used by a third party who can collect funds to pay on behalf of consumers, ie credit counseling or bill payment companies."
"iso20022_purpose_mp2p","purpose","MP2P","Mobile P2P Payment","A service which enables a user to use an app on its mobile to initiate moving funds from his/her bank account to another person’s bank account while not using the account number  but an alias information like an MSISDN as account addressing information in his/her app."
"iso20022_purpose_ecpg","purpose","ECPG","Guaranteed ePayment","E-Commerce payment with payment guarantee of the issuing bank."
"iso20022_purpose_ecpr","purpose","ECPR","ePayment Return","E-Commerce payment return."
"iso20022_purpose_ecpu","purpose","ECPU","Non Guaranteed ePayment","E-Commerce payment without payment guarantee of the issuing bank."
"iso20022_purpose_epay","purpose","EPAY","ePayment","Transaction is related to ePayment."
"iso20022_purpose_clpr","purpose","CLPR","Car Loan Principal Repayment","Transaction is a payment of car loan principal payment."
"iso20022_purpose_comp","purpose","COMP","Compensation Payment","Transaction is related to the payment of a compensation relating to interest loss/value date adjustment and can include fees."
"iso20022_purpose_dbtc","purpose","DBTC","Debit Collection Payment","Collection of funds initiated via a debit transfer."
"iso20022_purpose_govi","purpose","GOVI","Government Insurance","Transaction is related to a payment of government insurance."
"iso20022_purpose_hlrp","purpose","HLRP","Property Loan Repayment","Transaction is related to a payment of property loan."
"iso20022_purpose_hlst","purpose","HLST","Property Loan Settlement","Transaction is related to the settlement of a property loan."
"iso20022_purpose_inpc","purpose","INPC","Insurance Premium Car","Transaction is a payment of car insurance premium."
"iso20022_purpose_inpr","purpose","INPR","Insurance Premium Refund","Transaction is related to an insurance premium refund."
"iso20022_purpose_insc","purpose","INSC","Payment of Insurance Claim","Transaction is related to the payment of an insurance claim."
"iso20022_purpose_insu","purpose","INSU","Insurance Premium","Transaction is payment of an insurance premium."
"iso20022_purpose_inte","purpose","INTE","Interest","Transaction is payment of interest."
"iso20022_purpose_lbri","purpose","LBRI","Labor Insurance","Transaction is a payment of labor insurance."
"iso20022_purpose_lifi","purpose","LIFI","Life Insurance","Transaction is a payment of life insurance."
"iso20022_purpose_loan","purpose","LOAN","Loan","Transaction is related to transfer of loan to borrower."
"iso20022_purpose_loar","purpose","LOAR","Loan Repayment","Transaction is related to repayment of loan to lender."
"iso20022_purpose_peno","purpose","PENO","Payment Based on Enforcement Order","Payment based on enforcement orders except those arising from judicial alimony decrees."
"iso20022_purpose_ppti","purpose","PPTI","Property Insurance","Transaction is a payment of property insurance."
"iso20022_purpose_relg","purpose","RELG","Rental Lease General","Transaction is for general rental/lease."
"iso20022_purpose_rinp","purpose","RINP","Recurring Installment Payment","Transaction is related to a payment of a recurring installment made at regular intervals."
"iso20022_purpose_trfd","purpose","TRFD","Trust Fund","Transaction is related to a payment of a trust fund."
"iso20022_purpose_forw","purpose","FORW","Forward Foreign Exchange","FX trades with a value date in the future."
"iso20022_purpose_fxnt","purpose","FXNT","Foreign Exchange Related Netting","FX netting if cash is moved by separate wire instead of within the closing FX instruction"
"iso20022_purpose_admg","purpose","ADMG","Administrative Management","Transaction is related to a payment associated with administrative management."
"iso20022_purpose_adva","purpose","ADVA","Advance Payment","Transaction is an advance payment."
"iso20022_purpose_bcdm","purpose","BCDM","Bearer Cheque Domestic","Transaction is the payment of a domestic bearer cheque."
"iso20022_purpose_bcfg","purpose","BCFG","Bearer Cheque Foreign","Transaction is the payment of a foreign bearer cheque."
"iso20022_purpose_bldm","purpose","BLDM","Building Maintenance","Transaction is related to a payment associated with building maintenance."
"iso20022_purpose_bnet","purpose","BNET","Bond Forward Netting","Bond Forward pair-off cash net movement"
"iso20022_purpose_cbff","purpose","CBFF","Capital Building","Transaction is related to capital building fringe fortune, ie capital building in general"
"iso20022_purpose_cbfr","purpose","CBFR","Capital Building Retirement","Transaction is related to capital building fringe fortune for retirement"
"iso20022_purpose_ccrd","purpose","CCRD","Credit Card Payment","Transaction is related to a payment of credit card account."
"iso20022_purpose_cdbl","purpose","CDBL","Credit Card Bill","Transaction is related to a payment of credit card bill."
"iso20022_purpose_cfee","purpose","CFEE","Cancellation Fee","Transaction is related to a payment of cancellation fee."
"iso20022_purpose_cgdd","purpose","CGDD","Card Generated Direct Debit","Transaction is related to a direct debit where the mandate was generated by using data from a payment card at the point of sale."
"iso20022_purpose_cort","purpose","CORT","Trade Settlement Payment","Transaction is related to settlement of a trade, e.g. a foreign exchange deal or a securities transaction."
"iso20022_purpose_cost","purpose","COST","Costs","Transaction is related to payment of costs."
"iso20022_purpose_cpkc","purpose","CPKC","Carpark Charges","Transaction is related to carpark charges."
"iso20022_purpose_dcrd","purpose","DCRD","Debit Card Payment","Transaction is related to a debit card payment."
"iso20022_purpose_dsmt","purpose","DSMT","Printed Order Disbursement","Transaction is the payment of a disbursement due to a specific type of printed order for a payment of a  specified sum, issued by a bank or a post office (Zahlungsanweisung zur Verrechnung)"
"iso20022_purpose_dvpm","purpose","DVPM","Deliver Against Payment","Code used to pre-advise the account servicer of a forthcoming deliver against payment instruction."
"iso20022_purpose_educ","purpose","EDUC","Education","Transaction is related to a payment of study/tuition fees."
"iso20022_purpose_fact","purpose","FACT","Factor Update Related Payment","Payment related to a factor update"
"iso20022_purpose_fand","purpose","FAND","Financial Aid in Case of Natural Disaster","Financial aid by State authorities for abolition of consequences of natural disasters."
"iso20022_purpose_fcpm","purpose","FCPM","Late Payment of Fees and Charges","Transaction is the payment for late fees & charges. E.g Credit card charges"
"iso20022_purpose_fees","purpose","FEES","Payment of Fees","Payment of fees/charges."
"iso20022_purpose_gift","purpose","GIFT","Gift","Payment with no commercial or statutory purpose."
"iso20022_purpose_govt","purpose","GOVT","Government Payment","Transaction is a payment to or from a government department."
"iso20022_purpose_iccp","purpose","ICCP","Irrevocable Credit Card Payment","Transaction is reimbursement of credit card payment."
"iso20022_purpose_idcp","purpose","IDCP","Irrevocable Debit Card Payment","Transaction is reimbursement of debit card payment."
"iso20022_purpose_ihrp","purpose","IHRP","Instalment Hire Purchase Agreement","Transaction is payment for an installment/hire-purchase agreement."
"iso20022_purpose_insm","purpose","INSM","Installment","Transaction is related to a payment of an installment."
"iso20022_purpose_ivpt","purpose","IVPT","Invoice Payment","Transaction is the payment for invoices."
"iso20022_purpose_mcdm","purpose","MCDM","Multi Curreny Cheque Domestic","Transaction is the payment of a domestic multi-currency cheque"
"iso20022_purpose_mcfg","purpose","MCFG","Multi Curreny Cheque Foreign","Transaction is the payment of a foreign multi-currency cheque"
"iso20022_purpose_msvc","purpose","MSVC","Multiple Service Types","Transaction is related to a payment for multiple service types."
"iso20022_purpose_nows","purpose","NOWS","Not Otherwise Specified","Transaction is related to a payment for type of services not specified elsewhere."
"iso20022_purpose_ocdm","purpose","OCDM","Order Cheque Domestic","Transaction is the payment of a domestic order cheque"
"iso20022_purpose_ocfg","purpose","OCFG","Order Cheque Foreign","Transaction is the payment of a foreign order cheque"
"iso20022_purpose_ofee","purpose","OFEE","Opening Fee","Transaction is related to a payment of opening fee."
"iso20022_purpose_othr","purpose","OTHR","Other","Other payment purpose."
"iso20022_purpose_padd","purpose","PADD","Preauthorized Debit","Transaction is related to a pre-authorized debit origination"
"iso20022_purpose_ptsp","purpose","PTSP","Payment Terms","Transaction is related to payment terms specifications"
"iso20022_purpose_rcke","purpose","RCKE","Represented Check Entry","Transaction is related to a payment associated with a re-presented check entry"
"iso20022_purpose_rcpt","purpose","RCPT","Receipt Payment","Transaction is related to a payment of receipt."
"iso20022_purpose_rebt","purpose","REBT","Rebate","Transaction is the payment of a rebate."
"iso20022_purpose_refu","purpose","REFU","Refund","Transaction is the payment of a refund."
"iso20022_purpose_rent","purpose","RENT","Rent","Transaction is the payment of rent."
"iso20022_purpose_reod","purpose","REOD","Account Overdraft Repayment","Transaction is for account overdraft repayment"
"iso20022_purpose_rimb","purpose","RIMB","Reimbursement of a Previous Erroneous Transaction","Transaction is related to a reimbursement of a previous erroneous transaction."
"iso20022_purpose_rpnt","purpose","RPNT","Bilateral Repo Internet Netting","Bi-lateral repo interest net/bulk payment at rollover/pair-off or other closing scenarios where applicable"
"iso20022_purpose_rrbn","purpose","RRBN","Round Robin","Cash payment resulting from a Round Robin"
"iso20022_purpose_rrct","purpose","RRCT","Reimbursement Received Credit Transfer","Transaction is related to a reimbursement for commercial reasons of a correctly received credit transfer."
"iso20022_purpose_rrtp","purpose","RRTP","Related Request To Pay","Transaction is related to a Request to Pay."
"iso20022_purpose_rvpm","purpose","RVPM","Receive Against Payment","Code used to pre-advise the account servicer of a forthcoming receive against payment instruction."
"iso20022_purpose_slpi","purpose","SLPI","Payment Slip Instruction","Transaction is payment of a well formatted payment slip."
"iso20022_purpose_splt","purpose","SPLT","Split Payments","Split payments. To be used when cash and security movements for a security trade settlement are instructed
separately."
"iso20022_purpose_stdy","purpose","STDY","Study","Transaction is related to a payment of study/tuition costs."
"iso20022_purpose_tban","purpose","TBAN","TBA Pair Off Netting","TBA pair-off cash wire net movement"
"iso20022_purpose_tbil","purpose","TBIL","Telecommunications Bill","Transaction is related to a payment of telecommunications related bill."
"iso20022_purpose_tcsc","purpose","TCSC","Town Council Service Charges","Transaction is related to a payment associated with charges levied by a town council."
"iso20022_purpose_teli","purpose","TELI","Telephone Initiated Transaction","Transaction is related to a payment initiated via telephone."
"iso20022_purpose_tmpg","purpose","TMPG","TMPG Claim Payment","Cash payment resulting from a TMPG Claim"
"iso20022_purpose_tpri","purpose","TPRI","Tri Party Repo Interest","Tri-Party Repo related interest"
"iso20022_purpose_tprp","purpose","TPRP","Tri Party Repo Netting","Tri-party Repo related net gain/loss cash movement"
"iso20022_purpose_trnc","purpose","TRNC","Truncated Payment Slip","Transaction is payment of a beneficiary prefilled payment slip where beneficiary to payer information is truncated."
"iso20022_purpose_trvc","purpose","TRVC","Traveller Cheque","Transaction is the payment of a travellers cheque"
"iso20022_purpose_webi","purpose","WEBI","Internet Initiated Transaction","Transaction is related to a payment initiated via internet."
"iso20022_purpose_ipay","purpose","IPAY","Instant Payments","Transaction in which the amount is available to the payee immediately."
"iso20022_purpose_ipca","purpose","IPCA","Instant Payments Cancellation","Transaction in which the Return of the amount is fully returned."
"iso20022_purpose_ipdo","purpose","IPDO","Instant Payments for Donations","Transaction in which the amount is available to the payee immediately, done for donations, with sending the address data of the payer."
"iso20022_purpose_ipea","purpose","IPEA","Instant Payments in eCommerce without Address Data","Transaction in which the amount is available to the payee immediately, done in E-commerce, without sending the address data of the payer."
"iso20022_purpose_ipec","purpose","IPEC","Instant Payments in eCommerce with Address Data","Transaction in which the amount is available to the payee immediately, done in E-commerce, with sending the address data of the payer."
"iso20022_purpose_ipew","purpose","IPEW","Instant Payments in eCommerce","Transaction in which the amount is available to the payee immediately, done in E-commerce."
"iso20022_purpose_ipps","purpose","IPPS","Instant Payments at POS","Transaction in which the amount is available to the payee immediately, done at POS."
"iso20022_purpose_iprt","purpose","IPRT","Instant Payments Return","Transaction in which the Return of the amount is fully or partial returned."
"iso20022_purpose_ipu2","purpose","IPU2","Instant Payments Unattended Vending Machine with 2FA","Transaction is made via an unattending vending machine by using 2-factor-authentification."
"iso20022_purpose_ipuw","purpose","IPUW","Instant Payments Unattended Vending Machine without 2FA","Transaction is made via an unattending vending machine by without using 2-factor-authentification."
"iso20022_purpose_anni","purpose","ANNI","Annuity","Transaction settles annuity related to credit, insurance, investments, other.n"
"iso20022_purpose_cafi","purpose","CAFI","Custodian Management Fee In house","Transaction is the payment of custodian account management fee where custodian bank and current account servicing bank coincide"
"iso20022_purpose_cfdi","purpose","CFDI","Capital Falling Due In house","Transaction is the payment of capital falling due where custodian bank and current account servicing bank coincide"
"iso20022_purpose_cmdt","purpose","CMDT","Commodity Transfer","Transaction is payment of commodities."
"iso20022_purpose_deri","purpose","DERI","Derivatives","Transaction is related to a derivatives transaction"
"iso20022_purpose_divd","purpose","DIVD","Dividend","Transaction is payment of dividends."
"iso20022_purpose_frex","purpose","FREX","Foreign Exchange","Transaction is related to a foreign exchange operation."
"iso20022_purpose_hedg","purpose","HEDG","Hedging","Transaction is related to a hedging operation."
"iso20022_purpose_invs","purpose","INVS","Investment and Securities","Transaction is for the payment of mutual funds, investment products and shares"
"iso20022_purpose_prme","purpose","PRME","Precious Metal","Transaction is related to a precious metal operation."
"iso20022_purpose_savg","purpose","SAVG","Savings","Transfer to savings/retirement account."
"iso20022_purpose_secu","purpose","SECU","Securities","Transaction is the payment of securities."
"iso20022_purpose_sepi","purpose","SEPI","Securities Purchase In house","Transaction is the payment of a purchase of securities where custodian bank and current account servicing bank coincide"
"iso20022_purpose_trea","purpose","TREA","Treasury Payment","Transaction is related to treasury operations."
"iso20022_purpose_unit","purpose","UNIT","Unit Trust Purchase","Transaction is purchase of Unit Trust"
"iso20022_purpose_fnet","purpose","FNET","Futures Netting Payment","Cash associated with a netting of futures payments. Refer to CCPM codeword for netting of initial and variation margin through a CCP"
"iso20022_purpose_futr","purpose","FUTR","Futures","Cash related to futures trading activity."
"iso20022_purpose_ants","purpose","ANTS","Anesthesia Services","Transaction is a payment for anesthesia services."
"iso20022_purpose_cvcf","purpose","CVCF","Convalescent Care Facility","Transaction is a payment for convalescence care facility services."
"iso20022_purpose_dmeq","purpose","DMEQ","Durable Medicale Equipment","Transaction is a payment is for use of durable medical equipment."
"iso20022_purpose_dnts","purpose","DNTS","Dental Services","Transaction is a payment for dental services."
"iso20022_purpose_hltc","purpose","HLTC","Home Health Care","Transaction is a payment for home health care services."
"iso20022_purpose_hlti","purpose","HLTI","Health Insurance","Transaction is a payment of health insurance."
"iso20022_purpose_hspc","purpose","HSPC","Hospital Care","Transaction is a payment for hospital care services."
"iso20022_purpose_icrf","purpose","ICRF","Intermediate Care Facility","Transaction is a payment for intermediate care facility services."
"iso20022_purpose_ltcf","purpose","LTCF","Long Term Care Facility","Transaction is a payment for long-term care facility services."
"iso20022_purpose_mafc","purpose","MAFC","Medical Aid Fund Contribution","Transaction is contribution to medical aid fund."
"iso20022_purpose_marf","purpose","MARF","Medical Aid Refund","Transaction is related to a medical aid refund."
"iso20022_purpose_mdcs","purpose","MDCS","Medical Services","Transaction is a payment for medical care services."
"iso20022_purpose_view","purpose","VIEW","Vision Care","Transaction is a payment for vision care services."
"iso20022_purpose_cdep","purpose","CDEP","Credit Default Event Payment","Payment related to a credit default event"
"iso20022_purpose_swfp","purpose","SWFP","Swap Contract Final Payment","Final payments for a swap contract"
"iso20022_purpose_swpp","purpose","SWPP","Swap Contract Partial Payment","Partial payment for a swap contract"
"iso20022_purpose_swrs","purpose","SWRS","Swap Contract Reset Payment","Reset payment for a swap contract"
"iso20022_purpose_swuf","purpose","SWUF","Swap Contract Upfront Payment","Upfront payment for a swap contract"
"iso20022_purpose_adcs","purpose","ADCS","Advisory Donation Copyright Services","Payments for donation, sponsorship, advisory, intellectual and other copyright services."
"iso20022_purpose_aemp","purpose","AEMP","Active Employment Policy","Payment concerning active employment policy."
"iso20022_purpose_allw","purpose","ALLW","Allowance","Transaction is the payment of allowances."
"iso20022_purpose_almy","purpose","ALMY","Alimony Payment","Transaction is the payment of alimony."
"iso20022_purpose_bbsc","purpose","BBSC","Baby Bonus Scheme","Transaction is related to a payment made as incentive to encourage parents to have more children"
"iso20022_purpose_bech","purpose","BECH","Child Benefit","Transaction is related to a payment made to assist parent/guardian to maintain child."
"iso20022_purpose_bene","purpose","BENE","Unemployment Disability Benefit","Transaction is related to a payment to a person who is unemployed/disabled."
"iso20022_purpose_bonu","purpose","BONU","Bonus Payment","Transaction is related to payment of a bonus."
"iso20022_purpose_cchd","purpose","CCHD","Cash Compensation Helplessness Disability","Payments made by Government institute related to cash compensation, helplessness, disability. These payments are made by the Government institution as a social benefit in addition to regularly paid salary or pension."
"iso20022_purpose_comm","purpose","COMM","Commission","Transaction is payment of commission."
"iso20022_purpose_cslp","purpose","CSLP","Company Social Loan Payment To Bank","Transaction is a payment by a company to a bank for financing social loans to employees."
"iso20022_purpose_gfrp","purpose","GFRP","Guarantee Fund Rights Payment","Compensation to unemployed persons during insolvency procedures."
"iso20022_purpose_gvea","purpose","GVEA","Austrian Government Employees Category A","Transaction is payment to category A Austrian government employees."
"iso20022_purpose_gveb","purpose","GVEB","Austrian Government Employees Category B","Transaction is payment to category B Austrian government employees."
"iso20022_purpose_gvec","purpose","GVEC","Austrian Government Employees Category C","Transaction is payment to category C Austrian government employees."
"iso20022_purpose_gved","purpose","GVED","Austrian Government Employees Category D","Transaction is payment to category D Austrian government employees."
"iso20022_purpose_gwlt","purpose","GWLT","Goverment War Legislation Transfer","Payment to victims of war violence and to disabled soldiers."
"iso20022_purpose_hrec","purpose","HREC","Housing Related Contribution","Transaction is a contribution by an employer to the housing expenditures (purchase, construction, renovation) of the employees within a tax free fringe benefit system "
"iso20022_purpose_payr","purpose","PAYR","Payroll","Transaction is related to the payment of payroll."
"iso20022_purpose_pefc","purpose","PEFC","Pension Fund Contribution","Transaction is contribution to pension fund."
"iso20022_purpose_pens","purpose","PENS","Pension Payment","Transaction is the payment of pension."
"iso20022_purpose_prcp","purpose","PRCP","Price Payment","Transaction is related to a payment of a price."
"iso20022_purpose_rhbs","purpose","RHBS","Rehabilitation Support","Benefit for the duration of occupational rehabilitation."
"iso20022_purpose_sala","purpose","SALA","Salary Payment","Transaction is the payment of salaries."
"iso20022_purpose_spsp","purpose","SPSP","Salary Pension Sum Payment","Salary or pension payment for more months in one amount or a delayed payment of salaries or pensions."
"iso20022_purpose_ssbe","purpose","SSBE","Social Security Benefit","Transaction is a social security benefit, ie payment made by a government to support individuals."
"iso20022_purpose_lbin","purpose","LBIN","Lending Buy In Netting","Net payment related to a buy-in. When an investment manager is bought in on a sell trade that fails due to a failed securities lending recall, the IM may seize the underlying collateral to pay for the buy-in. Any difference between the value of the collateral and the sell proceeds would be paid or received under this code"
"iso20022_purpose_lcol","purpose","LCOL","Lending Cash Collateral Free Movement","Free movement of cash collateral. Cash collateral paid by the borrower is done separately from the delivery of the shares at loan opening or return of collateral done separately from return of the loaned security. Note: common when the currency of the security is different the currency of the cash collateral."
"iso20022_purpose_lfee","purpose","LFEE","Lending Fees","Fee payments, other than rebates, for securities lending. Includes (a) exclusive fees; (b) transaction fees; (c)
custodian fees; (d) minimum balance fees"
"iso20022_purpose_lmeq","purpose","LMEQ","Lending Equity Marked to Market Cash Collateral","Cash collateral payments resulting from the marked-to-market of a portfolio of loaned equity securities"
"iso20022_purpose_lmfi","purpose","LMFI","Lending Fixed Income Marked to Market Cash Collateral","Cash collateral payments resulting from the marked-to-market of a portfolio of loaned fixed income securities"
"iso20022_purpose_lmrk","purpose","LMRK","Lending Unspecified Type of Marked to Market Cash Collateral","Cash collateral payments resulting from the marked-to-market of a portfolio of loaned securities where the instrument
types are not specified"
"iso20022_purpose_lreb","purpose","LREB","Lending Rebate Payments","Securities lending rebate payments"
"iso20022_purpose_lrev","purpose","LREV","Lending Revenue Payments","Revenue payments made by the lending agent to the client"
"iso20022_purpose_lsfl","purpose","LSFL","Lending Claim Payment","Payments made by a borrower to a lending agent to satisfy claims made by the investment manager related to sell fails from late loan recall deliveries"
"iso20022_purpose_estx","purpose","ESTX","Estate Tax","Transaction is related to a payment of estate tax."
"iso20022_purpose_fwlv","purpose","FWLV","Foreign Worker Levy","Transaction is related to a payment of Foreign Worker Levy"
"iso20022_purpose_gstx","purpose","GSTX","Goods Services Tax","Transaction is the payment of Goods & Services Tax"
"iso20022_purpose_hstx","purpose","HSTX","Housing Tax","Transaction is related to a payment of housing tax."
"iso20022_purpose_intx","purpose","INTX","Income Tax","Transaction is related to a payment of income tax."
"iso20022_purpose_nitx","purpose","NITX","NetIncome Tax","Transaction is related to a payment of net income tax."
"iso20022_purpose_ptxp","purpose","PTXP","Property Tax","Transaction is related to a payment of property tax."
"iso20022_purpose_rdtx","purpose","RDTX","Road Tax","Transaction is related to a payment of road tax."
"iso20022_purpose_taxs","purpose","TAXS","Tax Payment","Transaction is the payment of taxes."
"iso20022_purpose_vatx","purpose","VATX","Value Added Tax Payment","Transaction is the payment of value added tax."
"iso20022_purpose_whld","purpose","WHLD","With Holding","Transaction is related to a payment of withholding tax."
"iso20022_purpose_taxr","purpose","TAXR","Tax Refund","Transaction is the refund of a tax payment or obligation."
"iso20022_purpose_b112","purpose","B112","Trailer Fee Payment","US mutual fund trailer fee (12b-1) payment"
"iso20022_purpose_br12","purpose","BR12","Trailer Fee Rebate","US mutual fund trailer fee (12b-1) rebate payment"
"iso20022_purpose_tlrf","purpose","TLRF","Non US Mutual Fund Trailer Fee Payment","Any non-US mutual fund trailer fee (retrocession) payment (use ISIN to determine onshore versus offshore designation)"
"iso20022_purpose_tlrr","purpose","TLRR","Non US Mutual Fund Trailer Fee Rebate Payment","Any non-US mutual fund trailer fee (retrocession) rebate payment (use ISIN to determine onshore versus offshore designation)"
"iso20022_purpose_airb","purpose","AIRB","Air","Transaction is a payment for air transport related business."
"iso20022_purpose_busb","purpose","BUSB","Bus","Transaction is a payment for bus transport related business."
"iso20022_purpose_ferb","purpose","FERB","Ferry","Transaction is a payment for ferry related business."
"iso20022_purpose_rlwy","purpose","RLWY","Railway","Transaction is a payment for railway transport related business."
"iso20022_purpose_trpt","purpose","TRPT","Road Pricing","Transaction is for the payment to top-up pre-paid card and electronic road pricing for the purpose of transportation"
"iso20022_purpose_cbtv","purpose","CBTV","Cable TV Bill","Transaction is related to a payment of cable TV bill."
"iso20022_purpose_elec","purpose","ELEC","Electricity Bill","Transaction is related to a payment of electricity bill."
"iso20022_purpose_enrg","purpose","ENRG","Energies","Transaction is related to a utility operation."
"iso20022_purpose_gasb","purpose","GASB","Gas Bill","Transaction is related to a payment of gas bill."
"iso20022_purpose_nwch","purpose","NWCH","Network Charge","Transaction is related to a payment of network charges."
"iso20022_purpose_nwcm","purpose","NWCM","Network Communication","Transaction is related to a payment of network communication."
"iso20022_purpose_otlc","purpose","OTLC","Other Telecom Related Bill","Transaction is related to a payment of other telecom related bill."
"iso20022_purpose_phon","purpose","PHON","Telephone Bill","Transaction is related to a payment of telephone bill."
"iso20022_purpose_ubil","purpose","UBIL","Utilities","Transaction is for the payment to common utility provider that provide gas, water and/or electricity."
"iso20022_purpose_wter","purpose","WTER","Water Bill","Transaction is related to a payment of water bill."
"iso20022_purpose_bond","purpose","BOND","Bonds","Securities Lending-Settlement of Bond transaction."
"iso20022_purpose_cabd","purpose","CABD","Corporate Actions-Bonds","Securities Lending-Settlement of Corporate Actions: Bonds transactions."
"iso20022_purpose_caeq","purpose","CAEQ","Corporate Actions-Equities","Securities Lending-Settlement of Corporate Actions: Equities transactions."
"iso20022_purpose_cbcr","purpose","CBCR","Credit Card","Card Settlement-Settlement of Credit Card transactions."
"iso20022_purpose_dbcr","purpose","DBCR","Debit Card","Card Settlement-Settlement of Debit Card transactions."
"iso20022_purpose_dicl","purpose","DICL","Diners","Card Settlement-Settlement of Diners transactions."
"iso20022_purpose_eqts","purpose","EQTS","Equities","Securities Lending-Settlement of Equities transactions."
"iso20022_purpose_flcr","purpose","FLCR","Fleet Card","Card Settlement-Settlement of Fleet transactions."
"iso20022_purpose_eftc","purpose","EFTC","Low Value Credit","Utilities-Settlement of Low value Credit transactions."
"iso20022_purpose_eftd","purpose","EFTD","Low Value Debit","Utilities-Settlement of Low value Debit transactions."
"iso20022_purpose_moma","purpose","MOMA","Money Market","Securities Lending-ettlement of Money Market PCH."
"iso20022_purpose_rapi","purpose","RAPI","Rapid Payment Instruction","Instant Payments-Settlement of Rapid Payment Instruction (RPI) transactions."
"iso20022_purpose_gamb","purpose","GAMB","Gambling or Wagering Payment","General-Payments towards a purchase or winnings received from gambling, betting or other wagering activities."
"iso20022_purpose_lott","purpose","LOTT","Lottery Payment","General-Payment towards a purchase or winnings received from lottery activities."
"iso20022_purpose_gafa","purpose","GAFA","Government Family Allowance","Salary and Benefits-Allowance from government to support family."
"iso20022_purpose_gaho","purpose","GAHO","Government Housing Allowance","Salary and Benefits-Allowance from government to individuals to support payments of housing."
"iso20022_purpose_amex","purpose","AMEX","Amex","Card Settlement-Settlement of AMEX transactions."
"iso20022_purpose_sasw","purpose","SASW","ATM","Card Settlement-Settlement of ATM transactions."
"iso20022_purpose_auco","purpose","AUCO","Authenticated Collections","Utilities-Settlement of Authenticated Collections transactions."
"iso20022_purpose_pcom","purpose","PCOM","Property Completion Payment","Final payment to complete the purchase of a property."
"iso20022_purpose_pdep","purpose","PDEP","Property Deposit","Payment of the deposit required towards purchase of a property."
"iso20022_purpose_plds","purpose","PLDS","Property Loan Disbursement","Payment of funds from a lender as part of the issuance of a property loan."
"iso20022_purpose_plrf","purpose","PLRF","Property Loan Refinancing","Transfer or extension of a property financing arrangement to a new deal or loan provider, without change of ownership of property."
